stage,seed,cleared,sec,deaths,continues,hurts,hurtInClaw,hurtInRoll,hurtBy,bossSec,fired,kills,stuck,clawHurtBy,claws,rolls,diagFired,bodyInClaw
1,1,1,191.9,6,1,18,4,0,orange_king×7 blast×3 kunai×2 pit×2 wave×2 bone×2,drum_tanuki=11.8 orange_king=55.7,337,142,"",blast×3 orange_king:roll×1,72,5,22,1
1,2,1,204.6,7,2,21,7,0,orange_king×10 wave×3 pit×2 blast×2 bone×2 crow_small×1 rat×1,drum_tanuki=12.0 orange_king=63.2,358,145,"",wave×1 blast×2 rat:bite×1 bone×2 orange_king:roll×1,70,7,30,1
1,3,1,223.8,8,2,24,6,0,orange_king×17 blast×3 bone×2 kunai×1 pit×1,drum_tanuki=12.1 orange_king=72.7,345,145,"",blast×3 bone×2 orange_king:roll×1,89,4,22,1
1,4,1,219.6,10,3,29,7,0,orange_king×21 bone×3 pit×1 blast×1 wave×1 rat×1 crow_small×1,drum_tanuki=11.5 orange_king=76.7,318,147,"",blast×1 wave×1 orange_king:belly×3 bone×2,90,4,25,3
1,5,1,210.3,6,2,19,4,0,orange_king×7 crow_small×3 rat×3 bone×3 blast×2 wave×1,drum_tanuki=11.6 orange_king=70.1,521,148,"",blast×2 rat:bite×1 orange_king:roll×1,69,2,42,1
2,1,1,232.5,9,3,27,12,0,wave×8 frog×4 fireball×3 leaf×3 water×2 pit×2 paper_crane×2 frog_daimyo×1 bubble×1 foxfire×1,frog_daimyo=24.8 tanuki_lord=52.1,374,134,"",wave×4 frog:tongue×4 frog_daimyo:jumpAir×1 bubble×1 leaf×2,82,4,31,1
2,2,1,229.1,6,2,20,8,0,fireball×4 leaf×4 wave×3 water×3 frog×3 pit×1 foxfire×1 tanuki_lord×1,frog_daimyo=19.7 tanuki_lord=43.1,411,140,"",frog:tongue×3 leaf×2 tanuki_lord:giantWind×1 wave×2,90,3,49,1
2,3,1,231.6,8,2,26,11,0,wave×7 fireball×6 frog_daimyo×3 water×2 paper_crane×2 pit×2 frog×2 kappa×1 leaf×1,frog_daimyo=23.9 tanuki_lord=40.5,371,142,"",wave×5 frog_daimyo:jumpAir×2 frog:tongue×2 frog_daimyo:splash×1 leaf×1,92,2,30,3
2,4,1,220.7,8,2,22,12,0,wave×8 water×3 frog×3 fireball×2 pit×2 fan×2 leaf×2,frog_daimyo=19.9 tanuki_lord=37.9,344,144,"",wave×4 water×1 fan×2 frog:tongue×3 leaf×2,98,2,21,0
2,5,1,224.1,10,3,29,17,0,wave×7 leaf×6 fireball×3 water×3 frog×3 pit×2 explosion×1 foxfire×1 bubble×1 paper_crane×1 fan×1,frog_daimyo=21.5 tanuki_lord=43.0,302,142,"",wave×6 explosion:scene×1 frog:tongue×3 bubble×1 fan×1 leaf×5,114,4,30,0
3,1,1,222.7,7,2,21,11,0,iron_claw×5 pit×3 missile×3 vacuum×2 broom_centipede×2 steam×1 iron_arhat×1 garbage×1 roomba_king×1 explosion×1 armor_ghost×1,roomba_king=17.2 iron_claw=36.8,450,125,"",iron_arhat:punch×1 garbage×1 roomba_king:suck×1 armor_ghost:thrust×1 missile×3 iron_claw:swipe×2 iron_claw:laser×2,116,1,24,1
3,2,1,211.2,5,1,16,6,0,pellet×3 steam×2 broom_centipede×2 iron_arhat×2 explosion×2 wraith_samurai×1 garbage×1 pit×1 iron_claw×1 missile×1,roomba_king=11.2 iron_claw=37.8,462,132,"",pellet×1 iron_arhat:punch×1 garbage×1 iron_claw:swipe×1 missile×1 explosion:enemy×1,115,0,36,0
3,3,1,226.0,7,2,21,9,0,iron_claw×8 steam×4 pit×2 pellet×1 mini_broom×1 wraith_samurai×1 garbage×1 roomba_king×1 broom_centipede×1 missile×1,roomba_king=12.1 iron_claw=42.7,429,127,"",garbage×1 roomba_king:suck×1 missile×1 iron_claw:swipe×2 iron_claw:laser×3 iron_claw:rampage×1,117,0,30,1
3,4,1,197.7,5,1,14,8,0,iron_claw×5 broom_centipede×2 steam×1 pellet×1 garbage×1 roomba_king×1 iron_arhat×1 pit×1 missile×1,roomba_king=10.2 iron_claw=32.6,374,134,"",garbage×1 roomba_king:suck×1 iron_claw:laser×4 missile×1 iron_claw:rampage×1,120,0,28,1
3,5,1,214.6,6,2,19,11,0,iron_claw×4 wraith_samurai×3 broom_centipede×3 pit×2 iron_arhat×2 steam×1 pellet×1 garbage×1 roomba_king×1 missile×1,roomba_king=12.2 iron_claw=32.3,433,127,"",iron_arhat:punch×2 pellet×1 garbage×1 roomba_king:suck×1 wraith_samurai:slash×1 iron_claw:swipe×3 missile×1 iron_claw:rampage×1,113,0,26,1
